domain,record_exists,institution
globalfxm.com,1,Lietuvos bankas
superbinary.com,1,Lietuvos bankas
fx-dealer.com,1,Lietuvos bankas
bbmtrade.com,1,Lietuvos bankas
midasglobe.com,1,Lietuvos bankas
marketscube.com,1,Lietuvos bankas
get-financial.com,0,Lietuvos bankas
markets-invest.com,1,Lietuvos bankas
programusistemos.lt,0,Lietuvos bankas
vesusfinansai.lt,0,Lietuvos bankas
ct-trade.com,1,Lietuvos bankas
skyway-capital.com,1,Lietuvos bankas
algofxtrade.com,1,Lietuvos bankas
red-trade.com,1,Lietuvos bankas
citadel-fx.com,1,Lietuvos bankas
vz.kriptonaujienos.com,0,Lietuvos bankas
verslozinios.com,1,Lietuvos bankas
ethereumcode2app.com,0,Lietuvos bankas
kriptonaujiena.com,0,Lietuvos bankas
cannabisfortuneapp.com,0,Lietuvos bankas
kriptokanapes.net,0,Lietuvos bankas
vet-trade.com,1,Lietuvos bankas
olympusmarkets.com,1,Lietuvos bankas
strade24.com,0,Lietuvos bankas
delfi.naujienosjums.com,0,Lietuvos bankas
Blockgain.org,0,Lietuvos bankas
aspenholding.com,1,Lietuvos bankas
learnmakingcash.com,0,Lietuvos bankas
cfdtraderapp.safeoffer.to,0,Lietuvos bankas
aftcapitals.com,0,Lietuvos bankas
investingcapital.com,1,Lietuvos bankas
tv3-dabar.com,0,Lietuvos bankas
futureisbtc.com,1,Lietuvos bankas
ru.afxtrade.lt,0,Lietuvos bankas
cgbanque.io,1,Lietuvos bankas
lt.gbpay-oficial.info,0,Lietuvos bankas
gbpay.lt,1,Lietuvos bankas
trustfx.io,0,Lietuvos bankas
trustfx.cc,1,Lietuvos bankas
libramethodapp.com,0,Lietuvos bankas
aspenholding.co,1,Lietuvos bankas
ptbanc.com,1,Lietuvos bankas
forex-im.com,0,Lietuvos bankas
15min.lt-straipsniai.com,0,Lietuvos bankas
bitcoinevolutionapp.com,1,Lietuvos bankas
everfxglobal.com,1,Lietuvos bankas
10brokers.com,1,Lietuvos bankas
skyway.capital,1,Lietuvos bankas
sky-way.lt,0,Lietuvos bankas
swlt.tilda.ws,1,Lietuvos bankas
getimmediateedge.com,0,Lietuvos bankas
fxpays.com,1,Lietuvos bankas
bitcoins-era.net,1,Lietuvos bankas
marketssoft.net,1,Lietuvos bankas
malleycapital.com,1,Lietuvos bankas
edge.targetprovider.pro,0,Lietuvos bankas
markets-soft.com,1,Lietuvos bankas
swtech.tilda.ws,1,Lietuvos bankas
tradingteck.com,1,Lietuvos bankas
yardoption.com,1,Lietuvos bankas
enigmaklubas.com,0,Lietuvos bankas
online.apzvalgos.com,0,Lietuvos bankas
apcofx.com,1,Lietuvos bankas
traderschain.com,0,Lietuvos bankas
terra-finance.co,1,Lietuvos bankas
titantradeclub.com,1,Lietuvos bankas
finmax.com,1,Lietuvos bankas
finmaxbo.com,1,Lietuvos bankas
finmaxfx.com,1,Lietuvos bankas
e-smp.com,1,Lietuvos bankas
ltpays.com,1,Lietuvos bankas
nirotrade.com,0,Lietuvos bankas
24xforex.com,0,Lietuvos bankas
24xfx.com,1,Lietuvos bankas
toptrade.group,1,Lietuvos bankas
tradingteck.co,1,Lietuvos bankas
riseglobal.us,1,Lietuvos bankas
prencocex.com,1,Lietuvos bankas
dona-private-bank.com,1,Lietuvos bankas
transpays.com,1,Lietuvos bankas
investpayer.com,1,Lietuvos bankas
ironmax.group,1,Lietuvos bankas
legal-cost-finance.com,1,Lietuvos bankas
eurotrans-pay.com,1,Lietuvos bankas
betway.com,1,LPT
unibet.lt,1,LPT
unibet.com,1,LPT
lt.unibet.com,1,LPT
williamhill.com,1,LPT
triobet.com,1,LPT
m.triobet.com,1,LPT
triobet.co.uk,1,LPT
triobet1.com,1,LPT
triobet2.com,1,LPT
triobet3.com,1,LPT
triobet4.com,1,LPT
triobet5.com,1,LPT
triobet15.com,1,LPT
triobet17.com,1,LPT
triobet18.com,1,LPT
triobet19.com,1,LPT
triobet20.com,1,LPT
triobet21.com,1,LPT
triobet22.com,1,LPT
triobet23.com,1,LPT
triobet24.com,1,LPT
triobet25.com,1,LPT
triobet26.com,1,LPT
triobet27.com,0,LPT
triobet28.com,1,LPT
triobet33.com,1,LPT
1triobet.com,1,LPT
2triobet.com,1,LPT
3triobet.com,1,LPT
lt.unibet-3.com,1,LPT
pokerstars.eu,1,LPT
pokerstars.com,1,LPT
pokerstars.asia,1,LPT
pokerstars.be,1,LPT
pokerstars.bg,1,LPT
pokerstars.bi,1,LPT
pokerstars.ca,1,LPT
pokerstars.cards,1,LPT
pokerstars.cc,1,LPT
pokerstars.cm,1,LPT
pokerstars.co,1,LPT
pokerstars.co.mw,1,LPT
pokerstars.co.tt,1,LPT
pokerstars.co.uk,1,LPT
pokerstars.com.ai,1,LPT
pokerstars.com.gp,1,LPT
pokerstars.com.gt,1,LPT
pokerstars.com.kg,1,LPT
pokerstars.com.lv,1,LPT
pokerstars.com.mo,1,LPT
pokerstars.com.mw,1,LPT
pokerstars.com.ni,1,LPT
pokerstars.com.sv,1,LPT
pokerstars.com.tt,1,LPT
marathonbet.co.uk,1,LPT
mobile.marathonbet.co.uk,1,LPT
marathonbet.com,1,LPT
marathonbet0.com,1,LPT
betmarathon.com,1,LPT
marathonbet.cm,1,LPT
marathonbet.info,0,LPT
marathonbet.kg,1,LPT
marathonbet.kz,0,LPT
marathonbet.net,1,LPT
marathonbet.org,1,LPT
mobile.marathonbet.com,1,LPT
pinnaclesports.com,1,LPT
pinnaclesports.eu,1,LPT
pinnaclesports.de,1,LPT
pinnaclesports.co.uk,1,LPT
unibet.de,1,LPT
unibet.co.uk,1,LPT
unibet.dk,1,LPT
unibet.ee,1,LPT
lt.unibet-2.com,1,LPT
nordicbet.com,1,LPT
nordicbet.fi,1,LPT
nordicbet.no,1,LPT
nordicbet.poker,1,LPT
m.nordicbet.com,1,LPT
188bet.com,1,LPT
m.188bet.com,1,LPT
188bet.co.uk,1,LPT
m.188bet.co.uk,1,LPT
triobet-10.com,0,LPT
bet365.com,1,LPT
bet365.com.pt,1,LPT
mobile.bet365.com,1,LPT
bet365.co,1,LPT
bet365.co.uk,1,LPT
bet365.cz,1,LPT
bet365.dk,1,LPT
mobile.bet365.dk,1,LPT
bet365.com.au,1,LPT
mobile.bet365.com.au,1,LPT
lt.unibet-1.com,1,LPT
triobet-11.com,0,LPT
lt.unibet-4.com,1,LPT
lt.unibet-9.com,1,LPT
triobet-12.com,0,LPT
fulltilt.eu,1,LPT
fulltilt.asia,1,LPT
fulltilt.biz,1,LPT
fulltilt.ch,1,LPT
fulltilt.com,1,LPT
fulltilt.co.uk,1,LPT
fulltilt.cz,1,LPT
fulltilt.fi,1,LPT
fulltiltpoker.asia,1,LPT
fulltiltpoker.bb,1,LPT
fulltiltpoker.biz,1,LPT
fulltiltpoker.ch,1,LPT
fulltiltpoker.co,1,LPT
fulltiltpoker.com,1,LPT
fulltiltpoker.com.py,1,LPT
fulltiltpoker.cr,1,LPT
fulltiltpoker.cz,0,LPT
fulltiltpoker.eu,1,LPT
fulltiltpoker.fi,1,LPT
fulltiltpoker.gt,1,LPT
fulltiltpoker.ie,1,LPT
fulltiltpoker.in,1,LPT
fulltiltpoker.info,1,LPT
lt.unibet-8.com,1,LPT
triobet-14.com,0,LPT
pokerstars1.eu,1,LPT
bet.pokerstars1.eu,1,LPT
lt.unibet-7.com,1,LPT
triobet-15.com,0,LPT
lt.unibet-6.com,1,LPT
triobet34.com,1,LPT
betstars.eu,1,LPT
betstars1.eu,1,LPT
eurocasino.com,1,LPT
bethard.com,1,LPT
spinpalace.com,1,LPT
32red.com,1,LPT
partypoker.com,1,LPT
winner.com,1,LPT
888sport.com,1,LPT
betfred.com,1,LPT
casinoroom.com,1,LPT
allslotscasino.com,1,LPT
unibet.eu,1,LPT
jetbull.com,1,LPT
betrally.com,1,LPT
europacasino.com,1,LPT
lt.unibet-5.com,1,LPT
titancasino.com,1,LPT
lt.unibet-11.com,1,LPT
lt.unibet-12.com,1,LPT
mybet.com,1,LPT
mybet.at,1,LPT
mybet.ch,0,LPT
mybet.cn,0,LPT
mybet.co.in,0,LPT
mybet.co.uk,1,LPT
mybet.com.br,0,LPT
mybet.cz,0,LPT
mybet.de,1,LPT
mybet.dk,0,LPT
mybet.es,1,LPT
mybet.gr,0,LPT
mybet.hu,0,LPT
mybet.info,0,LPT
mybet.it,0,LPT
mybet.lv,0,LPT
paddypower.com,1,LPT
paddypower.co.uk,1,LPT
paddypower.com.au,1,LPT
paddypower.ie,1,LPT
sports.paddypower.mobi,0,LPT
lt.unibet-13.com,1,LPT
7spins.com,0,LPT
365sb.com,1,LPT
sbobet.com,1,LPT
totesport.com,1,LPT
spinstation.com,1,LPT
lt.unibet-14.com,1,LPT
pokerstarscasino.eu,1,LPT
olybet.com,1,LPT
wwin.com,1,LPT
lt.unibet-15.com,1,LPT
gdaycasino.com,1,LPT
sportsbet.com.au,1,LPT
wildjackpots.com,1,LPT
lt.unibet-16.com,1,LPT
lt.unibet-17.com,1,LPT
888games.com,1,LPT
888.casino.com,0,LPT
energycasino.com,1,LPT
lt.unibet-18.com,1,LPT
betfair.com,1,LPT
mrgreen.com,1,LPT
lt.unibet-19.com,1,LPT
lt.unibet-20.com,1,LPT
betspin.com,1,LPT
rizk.com,1,LPT
guts.com,1,LPT
metalcasino.com,1,LPT
royalpanda.com,1,LPT
1xbet.com,1,LPT
1-x-bet.com,1,LPT
1x-bet.com,1,LPT
lt.unibet-21.com,1,LPT
superlenny.com,1,LPT
olimp.com,1,LPT
788-sb.com,1,LPT
parimatch.com,1,LPT
pinnacle.com,1,LPT
betmotion.com,1,LPT
vbet.com,1,LPT
lt.unibet-22.com,1,LPT
288sb.com,1,LPT
allsport365.com,1,LPT
thrills.com,1,LPT
lt.unibet-23.com,1,LPT
288365.com,1,LPT
comeon.com,1,LPT
lt.unibet-24.com,1,LPT
europalace.com,1,LPT
lvbet.com,1,LPT
lt.unibet-25.com,1,LPT
fortuneroomcasino.com,1,LPT
casinotropez.com,1,LPT
lt.unibet-26.com,1,LPT
piggspeak.com,1,LPT
redkings.com,1,LPT
bet.redkings.com,1,LPT
casino.redkings.com,1,LPT
poker.redkings.com,1,LPT
365-808.com,1,LPT
lt.unibet-27.com,1,LPT
casinojefe.com,1,LPT
sloty.com,1,LPT
888poker.com,1,LPT
38365365.com,1,LPT
lt.unibet-28.com,1,LPT
lt.unibet-29.com,1,LPT
48-365365.com,1,LPT
lt.unibet-30.com,1,LPT
121-365sb.com,1,LPT
dunder.com,1,LPT
lt.unibet-31.com,1,LPT
royalvegascasino.com,1,LPT
redflushcasino.com,1,LPT
babe.casino,1,LPT
lt.unibet-32.com,1,LPT
lt.playmillion.com,1,LPT
playmillion.com,1,LPT
nissicasino.com,1,LPT
48365365.com,1,LPT
bet3000.com,1,LPT
lt.unibet-33.com,1,LPT
jackpotcitycasino.com,1,LPT
lt.unibet-34.com,1,LPT
nutsbet.com,0,LPT
lt.unibet-35.com,1,LPT
488365.com,1,LPT
18bet.com,1,LPT
lt.unibet-36.com,1,LPT
888ladies.com,1,LPT
mostbet.com,1,LPT
genesiscasino.com,1,LPT
casinojoy.com,1,LPT
platinumplaycasino.com,1,LPT
extraspel.com,1,LPT
kingbillycasino.com,1,LPT
bitstarz.com,1,LPT
casinolasvegas.com,1,LPT
betwinner.com,1,LPT
lt.unibet-37.com,1,LPT
gamingclub.com,1,LPT
lt.unibet-38.com,1,LPT
mbet.com,1,LPT
bitstarz13.com,1,LPT
22bet.com,1,LPT
1xslot.com,1,LPT
evobet.com,1,LPT
bitstarz14.com,1,LPT
campeonbet.com,1,LPT
lt.unibet-39.com,1,LPT
z-bets.com,1,LPT
vulkanbet.com,1,LPT
casino-z.com,1,LPT
casinochan.com,1,LPT
riverbellecasino.com,1,LPT
365838.com,1,LPT
db-bet.com,1,LPT
lt.unibet-40.com,1,LPT
orientxpresscasino.com,1,LPT
1xgjm.world,0,LPT
playamo.com,1,LPT
lt.unibet-41.com,1,LPT
bitstarz15.com,1,LPT
lt.unibet-42.com,1,LPT
melbet.com,1,LPT
bitstarz16.com,1,LPT
betwinner1.com,1,LPT
betwinner2.com,1,LPT
betwinner3.com,1,LPT
betwinner4.com,1,LPT
betwinner5.com,1,LPT
betwinner6.com,1,LPT
betwinner7.com,1,LPT
betwinner8.com,0,LPT
betwinner9.com,0,LPT
betwinner10.com,0,LPT
betwinner11.com,0,LPT
betwinner12.com,0,LPT
betwinner13.com,0,LPT
betwinner14.com,0,LPT
betwinner15.com,0,LPT
betwinner16.com,0,LPT
betwinner17.com,0,LPT
betwinner18.com,0,LPT
betwinner19.com,0,LPT
betwinner20.com,0,LPT
betwinner21.com,1,LPT
betwinner22.com,0,LPT
betwinner23.com,0,LPT
betwinner24.com,1,LPT
betwinner25.com,0,LPT
betwinner26.com,0,LPT
oshi.io,1,LPT
baocasino.com,1,LPT
astekbet.com,1,LPT
casinonic.com,1,LPT
lt.unibet-43.com,1,LPT
bitstarz17.com,1,LPT
22bet1.com,1,LPT
22bet3.com,1,LPT
22bet4.com,1,LPT
22bet5.com,1,LPT
22bet6.com,1,LPT
22bet7.com,1,LPT
22bet9.com,1,LPT
22bet10.com,1,LPT
22bet11.com,1,LPT
22bet.online,1,LPT
22bet1.online,1,LPT
slottyvegas.com,1,LPT
gunsbet.com,1,LPT
betcity.net,1,LPT
betcityru.com,1,LPT
bets-bc-mlpld.top,0,LPT
cbet.gg,1,LPT
lt.unibet-44.com,1,LPT
bgo.com,1,LPT
x1zcszvu.world,0,LPT
x1qztfcu.world,1,LPT
bitstarz18.com,1,LPT
pokerdom.com,1,LPT
sunmaker.com,1,LPT
bet-andyou.com,1,LPT
123365-sb.com,1,LPT
lt.unibet-45.com,1,LPT
bitstarz19.com,1,LPT
betwinner27.com,0,LPT
betwinner29.com,0,LPT
betwinner30.com,1,LPT
betwinner33.com,0,LPT
betwinner34.com,0,LPT
betwinner1.mob,0,LPT
betwinner2.mob,0,LPT
betwinner4.mob,0,LPT
betwinner5.mob,0,LPT
betwinner6.mob,0,LPT
betwinner9.mob,0,LPT
scasino.com,1,LPT
fan-sport.com,1,LPT
williamhillcasino.com,1,LPT
betwinner1.mobi,0,LPT
betwinner2.mobi,0,LPT
betwinner4.mobi,0,LPT
betwinner5.mobi,0,LPT
betwinner6.mobi,0,LPT
betwinner9.mobi,0,LPT
bitstarz20.com,1,LPT
lt.unibet-46.com,1,LPT
lt.unibet-47.com,1,LPT
melbet.org,1,LPT
ewyzymelaa.top,0,LPT
megapari.com,1,LPT
spincasino.com,1,LPT
lt.unibet-48.com,1,LPT
lt.unibet-49.com,1,LPT
22bet2.co,1,LPT
bitstarz21.com,1,LPT
1xslotmobi1.xyz,0,LPT
1xslotmobi3.xyz,0,LPT
1xslotmobi4.xyz,1,LPT
1xslotmobi5.xyz,1,LPT
1xslotmobi6.xyz,1,LPT
1xslotmobi7.xyz,1,LPT
1xslotmobi8.xyz,1,LPT
1xslotmobi9.xyz,1,LPT
1xslotmobi10.xyz,1,LPT
lt.Unibet-50.com,1,LPT
bitstarz22.com,1,LPT
lt.unibet-52.com,1,LPT
777.com,1,LPT
22bet7.net,1,LPT
lt.unibet-53.com,1,LPT
bitstarz23.com,0,LPT
betandyou.com,1,LPT
campobet.com,1,LPT
lt.unibet-54.com,1,LPT
bitstarz24.com,0,LPT
betregal.com,1,LPT
astekbet10.mobi,1,LPT
astekbet11.mobi,0,LPT
astekbet12.mobi,0,LPT
astekbet13.mobi,0,LPT
astekbet14.mobi,0,LPT
astekbet15.mobi,0,LPT
astekbet16.mobi,0,LPT
linebet.com,1,LPT
22bet12.com,1,LPT
betwinner35.com,0,LPT
878365.com,1,LPT
36500365.com,1,LPT
28-365365.com,1,LPT
28365-365.com,0,LPT
635288.com,1,LPT
48365-365.com,1,LPT
635-288.com,1,LPT
248365365.com,1,LPT
sb-488.com,1,LPT
365466.com,1,LPT
68365365.com,0,LPT
365-818.com,1,LPT
lt.unibet-55.com,1,LPT
bitstarz25.com,1,LPT
asprobet.com,1,LPT
lt.unibet-56.com,1,LPT
1xslot1.xyz,1,LPT
22bet13.com,1,LPT
22bet14.com,1,LPT
22bet15.com,1,LPT
22bet16.com,1,LPT
888casino.com,1,LPT
348365365.com,0,LPT
448365365.com,0,LPT
365-288.com,1,LPT
838365.com,0,LPT
288-365.com,1,LPT
365sport365.com,1,LPT
sapphirebet.com,1,LPT
mel73157.site,0,LPT
bitstarz26.com,1,LPT
365-588.com,1,LPT
788-365.com,0,LPT
365365918.com,1,LPT
365212365.com,1,LPT
365365868.com,1,LPT
lt.unibet-57.com,1,LPT
betingsite.com,1,LPT
1zbet.net,0,LPT
fan-sport1.com,1,LPT
game-365.com,1,LPT
365488.com,1,LPT
288-563.com,1,LPT
188sb.com,1,LPT
356488.com,0,LPT
boocasino.com,1,LPT
sll365.com,1,LPT
xparibet.com,1,LPT
1xslot2.xyz,1,LPT
1xslot3.xyz,1,LPT
1xslot4.xyz,1,LPT
1xslot5.xyz,0,LPT
1xslot6.xyz,1,LPT
1xslot7.xyz,1,LPT
1xslot8.xyz,1,LPT
1xslot9.xyz,1,LPT
melbet4.com,1,LPT
melbet5.com,1,LPT
melbet6.com,1,LPT
melbet8.com,1,LPT
melbet9.com,1,LPT
melbet10.com,1,LPT
bitstarz27.com,1,LPT
lt.unibet-58.com,1,LPT
mariacasino.com,1,LPT
slottica.com,1,LPT
slottica1.com,0,LPT
slottica2.com,0,LPT
slottica3.com,0,LPT
slottica4.com,0,LPT
slottica5.com,0,LPT
slottica6.com,0,LPT
slottica7.com,0,LPT
slottica8.com,0,LPT
28365365.com,1,LPT
betwinner42.com,1,LPT
betwinner45.com,0,LPT
betwinner46.com,0,LPT
betwinner47.com,0,LPT
lt.unibet-59.com,1,LPT
bitstarz28.com,1,LPT
pvpgmz6t.space,0,LPT
lt.unibet-61.com,1,LPT
188-sb.com,1,LPT
536488.com,1,LPT
1xslot41623.com,0,LPT
lt.unibet-62.com,1,LPT
pokerstarssports.eu,1,LPT
1xslot78830.com,1,LPT
lt.unibet-63.com,1,LPT
betandyou1.com,1,LPT
188-563.com,1,LPT
653228.com,1,LPT
356884.com,0,LPT
betwinner50.com,0,LPT
lt.unibet-64.com,1,LPT
365-828.com,0,LPT
365-838.com,1,LPT
365-848.com,1,LPT
365-858.com,1,LPT
365-868.com,1,LPT
365-878.com,1,LPT
slottica10.com,1,LPT
slottica11.com,0,LPT
slottica12.com,0,LPT
slottica13.com,0,LPT
slottica14.com,0,LPT
slottica15.com,0,LPT
slottica16.com,0,LPT
slottica17.com,0,LPT
slottica18.com,1,LPT
slottica19.com,0,LPT
slottica20.com,0,LPT
slottica21.com,0,LPT
slottica22.com,1,LPT
slottica23.com,0,LPT
slottica24.com,0,LPT
slottica25.com,0,LPT
slottica26.com,0,LPT
slottica27.com,0,LPT
slottica28.com,0,LPT
slottica29.com,0,LPT
slottica30.com,0,LPT
lt.unibet-65.com,1,LPT
365066365.com,1,LPT
bitstarz41.com,1,LPT
megapari2.com,1,LPT
megapari3.com,1,LPT
megapari5.com,1,LPT
megapari6.com,1,LPT
megapari7.com,1,LPT
megapari8.com,1,LPT
lt.unibet-66.com,1,LPT
365-88.com,1,LPT
betwinner28.com,0,LPT
megapari9.com,1,LPT
megapari10.com,1,LPT
lt.unibet-67.com,1,LPT
365828.com,0,LPT
egocasino.com,1,LPT
egocasino1.com,1,LPT
egocasino2.com,1,LPT
egocasino3.com,1,LPT
egocasino4.com,1,LPT
egocasino5.com,1,LPT
1.egocasino1.com,1,LPT
2.egocasino1.com,1,LPT
3.egocasino1.com,1,LPT
4.egocasino1.com,1,LPT
5.egocasino1.com,1,LPT
6.egocasino1.com,1,LPT
7.egocasino1.com,1,LPT
8.egocasino1.com,1,LPT
9.egocasino1.com,1,LPT
10.egocasino1.com,1,LPT
1.egocasino2.com,1,LPT
2.egocasino2.com,1,LPT
3.egocasino2.com,1,LPT
4.egocasino2.com,1,LPT
5.egocasino2.com,1,LPT
6.egocasino2.com,1,LPT
7.egocasino2.com,1,LPT
8.egocasino2.com,1,LPT
9.egocasino2.com,1,LPT
10.egocasino2.com,1,LPT
1.egocasino3.com,1,LPT
2.egocasino3.com,1,LPT
3.egocasino3.com,1,LPT
4.egocasino3.com,1,LPT
5.egocasino3.com,1,LPT
6.egocasino3.com,1,LPT
7.egocasino3.com,1,LPT
8.egocasino3.com,1,LPT
9.egocasino3.com,1,LPT
10.egocasino3.com,1,LPT
1.egocasino4.com,1,LPT
2.egocasino4.com,1,LPT
3.egocasino4.com,1,LPT
4.egocasino4.com,1,LPT
5.egocasino4.com,1,LPT
6.egocasino4.com,1,LPT
7.egocasino4.com,1,LPT
8.egocasino4.com,1,LPT
9.egocasino4.com,1,LPT
10.egocasino4.com,1,LPT
1.egocasino5.com,1,LPT
2.egocasino5.com,1,LPT
3.egocasino5.com,1,LPT
4.egocasino5.com,1,LPT
5.egocasino5.com,1,LPT
6.egocasino5.com,1,LPT
7.egocasino5.com,1,LPT
8.egocasino5.com,1,LPT
9.egocasino5.com,1,LPT
10.egocasino5.com,1,LPT
casoola.com,1,LPT
jackpotsinaflash.com,1,LPT
pelaa.com,1,LPT
lt.unibet-68.com,1,LPT
slotica555.com,0,LPT
slottica333.com,0,LPT
slottika1.com,1,LPT
slottika3.com,0,LPT
slottika6.com,0,LPT
slottika7.com,1,LPT
lt.unibet-69.com,1,LPT
casinocruise.com,1,LPT
lt.unibet-70.com,1,LPT
vegashero.com,1,LPT
regentplay.com,1,LPT
spela.com,1,LPT
casinogods.com,1,LPT
lt.unibet-71.com,1,LPT
powerplay.com,1,LPT
lt.unibet-72.com,1,LPT
slottika8.com,0,LPT
slottika10.com,1,LPT
kassu.com,1,LPT
spinit.com,1,LPT
lt.unibet-73.com,1,LPT
casinolab.com,1,LPT
casinoplanet.com,1,LPT
barbadoscasino.com,1,LPT
casinoluck.com,1,LPT
lt.unibet-74.com,1,LPT
slottika5.com,0,LPT
7slottica7.com,0,LPT
playfrank.com,1,LPT
magicred.com,1,LPT
billioncasino.com,1,LPT
winnersmagic.com,1,LPT
casinomia.com,1,LPT
goprocasino.com,1,LPT
vulkanvegas.com,1,LPT
webbyslot.com,1,LPT
sportsbet.io,1,LPT
betmaster.io,1,LPT
betwinner.ng,1,LPT
nextcasino.com,1,LPT
luckland.com,1,LPT
casiplay.com,1,LPT
wildslots.com,1,LPT
casinosuperlines.net,1,LPT
188563.com,0,LPT
pokies2go.com,1,LPT
jackiejackpot.com,1,LPT
atlanticspins.com,1,LPT
neptuneplay.com,1,LPT
slottica-play.com,1,LPT
2slottica.com,1,LPT
3slottica.com,1,LPT
4slottica.com,1,LPT
8slottica.com,1,LPT
9slottica.com,1,LPT
10slottica.com,1,LPT
11slottica.com,1,LPT
15slottica.com,0,LPT
betiton.com,1,LPT
agentspinner.com,1,LPT
kokoyoko.space,0,LPT
casinoextra.com,1,LPT
mrplay.com,1,LPT
griffoncasino.com,1,LPT
hazcasino.com,1,LPT
vegasplus.com,1,LPT
vegac24.com,1,LPT
bongo.gg,1,LPT
38-365365.com,0,LPT
vegazcasino.com,1,LPT
zenbetting.com,1,LPT
tsars.com,1,LPT
casinoin.io,1,LPT
dafabet.com,1,LPT
sportdafa.net,1,LPT
1slottica.com,1,LPT
5slottica.com,1,LPT
13slottica.com,1,LPT
mirblackpant.com,0,LPT
mirtosecup.com,0,LPT
mirbigleague.com,0,LPT
mirbluejean.com,0,LPT
wineeater.fun,0,LPT
pin1111.com,1,LPT
a93kfnds.com,1,LPT
soprm6502.com,1,LPT
4kingslots.com,1,LPT
madmoneycasino.com,1,LPT
38365-365.com,1,LPT
gratorama.com,1,LPT
cashmio.com,1,LPT
starsweb.pokerstarscasino.com,1,LPT
zencasino.com,1,LPT
goldenlinecasino.com,1,LPT
fruityvegas.co.uk,1,LPT
energywin.com,1,LPT
arcanebet.com,1,LPT
wcasino-online.net,1,LPT
vespercasino.com,1,LPT
betcruise.com,1,LPT
plazaroyal.com,1,LPT
spacelilly.com,1,LPT
300tsars.com,1,LPT
200tsars.com,1,LPT
100tsars.com,1,LPT
horuscasino.com,1,LPT
bongogg.com,1,LPT
bongogaming.com,1,LPT
888starz.bet,1,LPT
888starz1.bet,1,LPT
888starz2.bet,1,LPT
888starz3.bet,1,LPT
888starz4.bet,1,LPT
888starz5.bet,1,LPT
casino.partycasino.com,1,LPT
12slottica.com,1,LPT
16slottica.com,1,LPT
55tsars.com,1,LPT
44tsars.com,1,LPT
33tsars.com,1,LPT
22tsars.com,1,LPT
11tsars.com,1,LPT
ph.casino,1,LPT
spinmillion13.com,1,LPT
webbyslot17.com,1,LPT
webbyslot18.com,1,LPT
webbyslot19.com,1,LPT
webbyslot20.com,1,LPT
tsars1.com,1,LPT
tsars2.com,1,LPT
tsars3.com,1,LPT
tsars4.com,1,LPT
tsars5.com,1,LPT
cosmicslot.com,1,LPT
apuestamos.com,1,LPT
playfortuna.com,1,LPT
pokernox.com,1,LPT
queenplay.com,1,LPT
17slottica.com,1,LPT
18slottica.com,1,LPT
20slottica.com,1,LPT
savaronacasino.com,1,LPT
vulkanvegas1.com,1,LPT
vulkanvegas3.com,1,LPT
vulkanvegas5.com,1,LPT
vulkanvegas6.com,1,LPT
vulkanvegas7.com,1,LPT
vulkanvegas8.com,1,LPT
vulkanvegas9.com,1,LPT
betfashiontv.com,1,LPT
777slotsbay.com,1,LPT
slottyway.com,1,LPT
slottyway1.com,1,LPT
slottyway2.com,1,LPT
slottyway4.com,1,LPT
slottyway5.com,1,LPT
slottyway6.com,0,LPT
slottyway7.com,0,LPT
slottyway8.com,0,LPT
slottyway9.com,0,LPT
slottyway10.com,0,LPT
slottyway11.com,1,LPT
slottyway12.com,1,LPT
vulkanvegas18.com,1,LPT
vulkanvegas23.com,1,LPT
vulkanvegas25.com,1,LPT
vulkanvegas26.com,1,LPT
vulkanvegas27.com,1,LPT
vulkanvegas28.com,1,LPT
vulkanvegas29.com,1,LPT
vulkanvegas30.com,1,LPT
vulkanvegas31.com,1,LPT
vulkanvegas32.com,1,LPT
vulkanvegas33.com,1,LPT
vulkanvegas34.com,1,LPT
vulkanvegas35.com,1,LPT
vulkanvegas36.com,1,LPT
vulkanvegas37.com,1,LPT
vulkanvegas39.com,1,LPT
vulkanvegas40.com,1,LPT
vulkanvegas41.com,1,LPT
vulkanvegas42.com,1,LPT
vulkanvegas43.com,1,LPT
vulkanvegas44.com,1,LPT
vulkanvegas45.com,1,LPT
vulkanvegas46.com,1,LPT
vulkanvegas47.com,1,LPT
vulkanvegas48.com,1,LPT
vulkanvegas49.com,1,LPT
vulkanvegas50.com,1,LPT
vulkanvegas51.com,1,LPT
vulkanvegas52.com,1,LPT
vulkanvegas53.com,1,LPT
vulkanvegas54.com,1,LPT
vulkanvegas55.com,1,LPT
admiralxxx.best,1,LPT
vip.admiralxxx.net,1,LPT
admiralxxx.club,1,LPT
luckybirdcasino12.com,1,LPT
booi.com,1,LPT
ovitoonscasino.com,1,LPT
betwin-773595.top,0,LPT
winnings.com,1,LPT
paripesa.com,1,LPT
1-admiralxxx.site,1,LPT
m.admiralxxx.casino,1,LPT
admiralxxx.casino,1,LPT
451vjadmiral-x.icu,0,LPT
m.admiral-x.com,1,LPT
admiral-x.com,1,LPT
m.admiral-x3.com,1,LPT
admiral-x3.com,1,LPT
m.admiralx7.com,0,LPT
win.admiral-x7.com,1,LPT
m.admiral-x8.com,1,LPT
win.admiral-x8.com,1,LPT
m.admiral-x9.com,1,LPT
admiralx9.com,0,LPT
admiral-x10.com,1,LPT
win.admiral-x14.com,1,LPT
vip1.admiral-x17.com,1,LPT
vip1.admiral-x18.com,1,LPT
win.3.51argocasino.com,1,LPT
betvoyager.com,1,LPT
ggbet.com,1,LPT
betzest.com,1,LPT
arenabet.com,1,LPT
iggbet.com,1,LPT
slottica31.com,1,LPT
slottica32.com,1,LPT
slottica33.com,1,LPT
slottica34.com,1,LPT
slottica36.com,1,LPT
slottica37.com,1,LPT
slottica38.com,1,LPT
slottica40.com,1,LPT
21slottica.com,1,LPT
22slottica.com,1,LPT
25slottica.com,1,LPT
26slottica.com,1,LPT
casinolafiesta.com,1,LPT
cosmicslot123.com,1,LPT
wisho.com,1,LPT
luckybirdcasino6.com,1,LPT
luckybirdcasino7.com,1,LPT
luckybirdcasino8.com,1,LPT
luckybirdcasino9.com,1,LPT
luckybirdcasino10.com,1,LPT
luckybirdcasino11.com,1,LPT
luckybirdcasino13.com,1,LPT
luckybirdcasino14.com,1,LPT
luckybirdcasino15.com,1,LPT
argocasino.com,1,LPT
kajot-casino.com,1,LPT
lsbet741.com,1,LPT
lsbet742.com,1,LPT
lsbet746.com,1,LPT
lsbet747.com,1,LPT
reelemperor.com,1,LPT
1vulkanvegas.com,1,LPT
3vulkanvegas.com,1,LPT
4vulkanvegas.com,1,LPT
5vulkanvegas.com,1,LPT
7vulkanvegas.com,1,LPT
8vulkanvegas.com,1,LPT
casinosinners.com,1,LPT
slottica39.com,1,LPT
slottica41.com,1,LPT
slottica42.com,1,LPT
slottica43.com,1,LPT
slottica44.com,1,LPT
23slottica.com,1,LPT
24slottica.com,1,LPT
27slottica.com,1,LPT
28slottica.com,1,LPT
29slottica.com,1,LPT
universalslots.net,1,LPT
cosmicslot1.com,1,LPT
888starz10.bet,1,LPT
888starz11.bet,1,LPT
888starz13.bet,1,LPT
888starz14.bet,1,LPT
slottica45.com,1,LPT
slottica47.com,1,LPT
slottica49.com,1,LPT
19slottica.com,1,LPT
30slottica.com,1,LPT
32slottica.com,1,LPT
34slottica.com,1,LPT
36slottica.com,1,LPT
luckybirdcasino.com,1,LPT
1luckybirdcasino.com,1,LPT
9luckybirdcasino.com,1,LPT
10luckybirdcasino.com,1,LPT
12luckybirdcasino.com,1,LPT
13luckybirdcasino.com,1,LPT
wisho1.com,1,LPT
wisho2.com,1,LPT
888starz20.bet,1,LPT
888starz21.bet,1,LPT
888starz22.bet,1,LPT
888starz23.bet,1,LPT
888starz24.bet,1,LPT
casinozer.com,1,LPT
driftcasino.com,1,LPT
gudarcasino.com,1,LPT
loot.bet,1,LPT
gg.bet,1,LPT
iwildcasino.com,1,LPT
csgopositive.com,1,LPT
ksur937.com,1,LPT
cyber.bet,1,LPT
playfastcasino.com,1,LPT
31slottica.com,1,LPT
33slottica.com,1,LPT
38slottica.com,1,LPT
39slottica.com,1,LPT
40slottica.com,1,LPT
41slottica.com,1,LPT
43slottica.com,1,LPT
slottica50.com,1,LPT
667-365.com,1,LPT
365-117.com,1,LPT
spinrio.com,1,LPT
azurcasino2.com,1,LPT
cosmicslot2.com,1,LPT
vulkan.bet,1,LPT
vulkan1.bet,1,LPT
vulkan2.bet,1,LPT
vulkan3.bet,1,LPT
vulkan4.bet,1,LPT
vulkan5.bet,1,LPT
vulkan6.bet,1,LPT
vulkan7.bet,1,LPT
vulkan8.bet,1,LPT
vulkan9.bet,1,LPT
vulkan12.bet,1,LPT
vulkan14.bet,1,LPT
vulkan15.bet,1,LPT
vulkan16.bet,1,LPT
vulkan17.bet,1,LPT
fortuneclock.com,1,LPT
fortuneclock1.com,1,LPT
fortuneclock6.com,1,LPT
fortuneclock10.com,1,LPT
fortuneclock13.com,1,LPT
fortuneclock14.com,1,LPT
fortuneclock15.com,1,LPT
fortuneclock16.com,1,LPT
fortuneclock17.com,1,LPT
fortuneclock18.com,1,LPT
casinodome.com,1,LPT
vegasoo.com,1,LPT
lapilanders.com,1,LPT
themusiclt.com,1,RTK
tophitai.com,1,RTK
pdfknygos.net,1,RTK
filmix.co,1,RTK
yts.lt,1,RTK
new-rus.tv,1,RTK
newru.tv,1,RTK
tebox.eu,1,RTK
filmai.in,1,RTK
torrent.ai,1,RTK
hdxa.me,0,RTK
bobfilm.xyz,1,RTK
filmix.guru,0,RTK
filmix.org.ua,0,RTK
themusiclt.net,1,RTK
knygos.in,0,RTK
torrent.lt,1,RTK
mp3.themusic.lt,1,RTK
filmux.org,1,RTK
knygos.net,1,RTK
kinocoin.co,1,RTK
filmux.net,0,RTK
filmai.tv,1,RTK
tartugi.com,1,RTK
rezka.ag,1,RTK
filmix.zone,1,RTK
filmix.monster,0,RTK
filmai.co,1,RTK
gerifilmai.net,1,RTK
changebook.net,1,RTK
epubknygos.com,1,RTK
knygos24.com,1,RTK
el-knygos.eu,1,RTK
pdfknygos.org,0,RTK
skaitiniai.org,1,RTK
filmux.online,1,RTK
filmai.live,1,RTK
filmai.se,1,RTK
filmai.biz,1,RTK
ziurek.org,1,RTK
filmai.gokas.lt,1,RTK
yts.mx,1,RTK
knygos.site,1,RTK
e-knygos.eu,0,RTK
filmas.live,0,RTK
serialai.online,1,RTK
pdfknygos.club,1,RTK
filmai.best,1,RTK
filmai.to,1,RTK
serialas.us.lt,0,RTK
filmas.club,1,RTK
serialai.in,0,RTK
ltfilmai.online,1,RTK
filmai.uk,1,RTK
onlinefilmai.net,1,RTK
filmix.cc,1,RTK
ziuri.org,0,RTK
ziuri.net,1,RTK
tophitai.us,0,RTK
filmas24.live,0,RTK
filmai.eu,1,RTK
filmai.pro,1,RTK
filmaionline.net,1,RTK
knygos.org,0,RTK
aknygos.club,0,RTK
yts.am,1,RTK
yts.unblocked,0,RTK
yts.ws,1,RTK
yts.io,1,RTK
yts.pm,1,RTK
yts.unblocked.llc,1,RTK
ytss.unblocked.is,1,RTK
yts.unblocked.tw,1,RTK
ytss.unblocked.to,0,RTK
yts.unblocked.nz,1,RTK
yts.unblocked.pw,1,RTK
filmux.tv,1,RTK
ziurim.gokas.lt,1,RTK
tartugi.net,1,RTK
hdrezka.ag,1,RTK
tophitai.lt,0,RTK
yst.lt,1,RTK
filmai.org,1,RTK
kinas.org,1,RTK
filmai24.org,1,RTK
ziuri.online,1,RTK
ziurim.in,1,RTK
ziurim.net,1,RTK
serialas.online,0,RTK
superfilmai.net,1,RTK
filmai.us,1,RTK
filmai.ucoz.org,1,RTK
filmas.to,1,RTK
kinas24.live,0,RTK
filmux.live,1,RTK
ziureti.online,1,RTK
ziuri.me,1,RTK
onlinefilmas.eu,1,RTK
filmason.lt,1,RTK
filmaionline.org,1,RTK
filmas.tv,1,RTK
filmaioso.lt,1,RTK
siaubofilmai.online,0,RTK
filmas.in,0,RTK
filmainemokamai.ql.lt,0,RTK
gerifilmai.org,1,RTK
hdrezka.co,1,RTK
efilmai.net,1,RTK
films24.net,1,RTK
balticword.eu,1,RTK
visifilmai.net,1,RTK
8filmai.org,1,RTK
hdrezka.club,1,RTK
filmux.cc,1,RTK
filmai.ws,1,RTK
hdrezka.me,1,RTK
filmai.plus,1,RTK
hdrezka.name,1,RTK
filmas.co,1,RTK
onlinefilmai.org,1,RTK
hdrezka.tv,1,RTK
elektronines.com,1,RTK
pdfknygos.com,1,RTK
hdrezka-ag.com,1,RTK
bknygos.club,1,RTK
mrhdrezka.com,1,RTK
filmai.site,1,RTK
filmas.site,1,RTK
pdfknygos.biz,1,RTK
8filmai.online,1,RTK
filmai.link,0,RTK
filmux.to,1,RTK
filmix.ac,1,RTK
betahdrezka.com,1,RTK
efilmai.live,0,RTK
filmix.cloud,1,RTK
myhdrezka.com,1,RTK
filmas.pro,1,RTK
ziurim.org,1,RTK
putlockerc.to,1,RTK
bmovies.co,1,RTK
kostanayturist.com,1,RTK
torrent9.one,1,RTK
cpasbien.sh,1,RTK
yggtorrent.li,1,RTK
oxtorrent.tv,1,RTK
torrent9-super.com,1,RTK
torrent9biz.fr,1,RTK
torrent9.unblockninja.com,1,RTK
torrent9.to,1,RTK
pokeroynaonline.com,1,RTK
oxtorrent.proxybit.work,1,RTK
molkking.fr,1,RTK
madame-coccinelle.fr,1,RTK
legalwiki.in,0,RTK
gktorrent.unbl0ck.xyz,1,RTK
torrent9vf.fr,1,RTK
torrent9-frech.fr,1,RTK
t9-cpas.fr,1,RTK
t9-club.com,1,RTK
libertyvf-land-fr.fr,1,RTK
oxtorrent.co,1,RTK
cortesia.fr,1,RTK
weareweart.fr,1,RTK
cpasbienx.fr,1,RTK
3cb.fr,1,RTK
pdfknygynas.weebly.com,1,RTK
scripsit.fr,1,RTK
t9usenet.com,1,RTK
torrent9.gg,1,RTK
christelledubos.fr,1,RTK
cpasbien2019.fr,1,RTK
gktorrent.fr,1,RTK
torrent9s.fr,1,RTK
lyberty-landx.fr,0,RTK
gktorrent.unblocknow.space,1,RTK
torent9.cz,1,RTK
torrent9-film.fr,1,RTK
gktorrent-fr.fr,1,RTK
quivoila-lefilm.fr,1,RTK
cpasbien-tf.fr,1,RTK
cpasbien.to,1,RTK
cestpasbien-fr.fr,1,RTK
cpasbiens-fr.fr,1,RTK
fakenews.fyi,0,RTK
wawacity.tv,1,RTK
wiflix.eu,1,RTK
torrent9-zone.fr,1,RTK
socialistesmetropolitains.fr,1,RTK
zone-telechargement.cloud,1,RTK
cpddd.fr,1,RTK
extreme-down.live,1,RTK
speeddownfrance.fr,1,RTK
cpasbien-site.fr,1,RTK
sarp-decouverte-nature.fr,1,RTK
torrent9t.fr,0,RTK
yggtorrent.co,1,RTK
filmux.life,1,RTK
filmux.top,1,RTK
karantinas.online,1,RTK
thq.lt,0,RTK
filmux.link,0,RTK
filmaionline.com,1,RTK
filmaivip.com,0,RTK
ziureti.us.lt,0,RTK
filmux.xyz,0,RTK
8filmai.xyz,0,RTK
filmux.us,1,RTK
ziuret.online,1,RTK
instahdrezka.com,1,RTK
aghdrezka.com,1,RTK
filmai.in.net,1,RTK
filmaiin.club,1,RTK
filmai.dev,1,RTK
ziurim.club,1,RTK
fonogramos-naujos.com,1,RTK
ziuretionline.ql.lt,0,RTK
8filmai.fun,1,RTK
muzikoss.ucoz.com,1,RTK
rezka.pw,1,RTK
filmai.life,1,RTK
topfilmai.online,1,RTK
walden.lt,0,RTK
filmaionline.ucoz.net,1,RTK
serialurojus.com,1,RTK
m-squarehotel.com,0,RTK
8filmai.info,1,RTK
filmai.io,1,RTK
filmas.top,1,RTK
serialai.live,1,RTK
bknyga.club,0,RTK
filmas.vip,0,RTK
serialai.club,1,RTK
filmux.club,1,RTK
filmai.cc,1,RTK
kinas.tv,1,RTK
filmaiin.idmcrack.us,1,RTK
rezka.io,1,RTK
tgfm.in,1,RTK
tgfm.to,1,RTK
filmix.beer,1,RTK
hdrezka.today,1,RTK
kinastau.do.am,1,RTK
nemokamatv.lt,1,RTK
fmovies.to,1,RTK
fmovies.wtf,1,RTK
fmovies.taxi,1,RTK
fmovies.pub,1,RTK
fmovies.cafe,1,RTK
fmovies.love,0,RTK
fmovies.world,1,RTK
fmovies.media,1,RTK
fmovies.coffee,1,RTK
fmovies.solar,1,RTK
fmovies.name,1,RTK
fmoviesf.co,1,RTK
fmovies.ps,1,RTK
fmoviesto.cc,1,RTK
fmovies.top,1,RTK
vw1.ffmovies.sc,1,RTK
fmovies.co,1,RTK
ww1.fmoviefree.net,1,RTK
ww5.fmovie.cc,1,RTK
fmovies1.movie,1,RTK
fmovies.app,1,RTK
fmovies.rs,1,RTK
fmoviesgo.to,1,RTK
ffmovie.fun,1,RTK
fmovies.win,1,RTK
fmovie.watch,1,RTK
ww.fmoviefree.net,1,RTK
ww1.fmovies.tc,1,RTK
ww2.fmovies.tc,1,RTK
real-fmovies.show,1,RTK
123movieshub.pink,1,RTK
fmovies.blue,1,RTK
fffmovies.wtf,1,RTK
filmix.su,1,RTK
hd.filmix.fun,1,RTK
hdrezka.vip,1,RTK
filmix.film,1,RTK
hdrezka.website,1,RTK
knygos.vip,1,RTK
lt.slavomirskriniar.xyz,0,RTK
lt.loringmercier.xyz,1,RTK
yts.rs,1,RTK
rezka.app,0,RTK
bmovies.so,1,RTK
svajoniuspinta.lt,0,VVTAT
zidiniaikatilai.lt,1,VVTAT
sildymoprekes.lt,1,VVTAT
repe.lt,1,VVTAT
